1,601 East Rollins Street, Orlando,FL,32803
2,4440 West 95th Street, Oak Lawn,IL,60453
3,1775 Dempster Street, Park Ridge,IL,60068
4,One Perkins Square, Akron,OH,44308
5,1675 Highland Avenue, Madison,WI,53792
6,225 East Chicago Avenue, Chicago,IL,60611
7,1 Children's Way, Little Rock,AR,72202
8,92 West Miller Street, Orlando,FL,32806
9,22101 Moross Road, Detroit,MI,48236
10,777 Hemlock Street, Macon,GA,31201
11,1400 South Dobson Road, Mesa,AZ,85202
12,1901 South West HK Dodgen Loop, Temple,TX,76502
13,759 Chestnut Street, Springfield,MA,1199
14,3601 West Thirteen Mile Road, Royal Oak,MI,48073
15,43 New Scotland Avenue, Albany,NY,12208
16,2131 South 17th Street, Wilmington,NC,28402
17,1200 Pleasant Street, Des Moines,IA,50309
18,95 Bradhurst Avenue, Valhalla,NY,10595
19,5801 Bremo Road, Richmond,VA,23226
20,300 Longwood Avenue, Boston,MA,2115
21,555 North 30th Street, Omaha,NE,68131
22,601 John Street, Kalamazoo,MI,49007
23,1500 East Medical Center Drive, Ann Arbor,MI,48109
24,611 West Park Street, Urbana,IL,61801
25,1127 University Boulevard NE, Albuquerque,NM,87102
26,1935 Medical District Drive, Dallas,TX,75235
27,1575 Northeast Expressway, Atlanta,GA,30329
28,8200 Dodge Street, Omaha,NE,68114
29,910 Blackford Street, Chattanooga,TN,37403
30,13123 East 16th Avenue, Aurora,CO,80045
31,4650 Sunset Boulevard, Los Angeles,CA,90027
32,200 Henry Clay Avenue, New Orleans,LA,70118
33,1446 Harper Street, Augusta,GA,30912
34,3901 Beaubien Boulevard, Detroit,MI,48201
35,1800 West Charleston Boulevard, Las Vegas,NV,89102
36,3401 Civic Center Boulevard, Philadelphia,PA,19104
37,1000 East Broad Street, Richmond,VA,23298
38,601 Children's Lane, Norfolk,VA,23507
39,1740 West Taylor Street, Chicago,IL,60612
40,6411 Fannin Street, Houston,TX,77030
41,2401 Gillham Road, Kansas City,MO,64108
42,2525 Chicago Avenue South, Minneapolis,MN,55404
43,345 North Smith Avenue, St. Paul,MN,55102
44,111 Michigan Avenue NW, Washington,DC,20010
45,1600 Seventh Avenue South, Birmingham,AL,35233
46,2500 North State Street, Jackson,MS,39216
47,200 Somerset Street, New Brunswick,NJ,8901
48,999 North 92nd Street, Milwaukee,WI,53226
49,5406 Merle Hay Road, Johnston,IA,50131
50,1201 West La Veta Avenue, Orange,CA,92868
51,333 North Santa Rosa Street, San Antonio,TX,78207
52,3333 Burnet Avenue, Cincinnati,OH,45229
53,9500 Euclid Avenue, Cleveland,OH,44195
54,2801 Martin Luther King Jr. Drive,Cleveland,OH,44104
55,269-01 76th Avenue, New Hyde Park,NV,11040
56,5721 South Maryland Avenue, Chicago,IL,60637
57,2823 Fresno Street, Fresno,CA,93721
58,1200 North Elm Street, Greensboro,NC,27401
59,282 Washington Street, Hartford,CT,6106
60,801 Seventh Avenue, Fort Worth,TX,76104
61,400 West Pueblo Street, Santa Barbara,CA,93105
62,4015 - 22nd Place, Lubbock,TX,79410
63,1447 N Harrison St., Saginaw,MI,48602
64,3801 South National Avenue, Springfield,MO,65807
65,One Medical Center Drive, Lebanon,NH,3756
66,1 Children's Plaza, Dayton,OH,45404
67,4900 Mueller Boulevard, Austin,TX,78723
68,3181 SW Sam Jackson Park Road, Portland,OR,97239
69,3533 South Alameda Street, Corpus Christi,TX,78411
70,4700 Waters Avenue, Savannah,GA,31403
71,2018 Clinch Avenue, Knoxville,TN,37916
72,4845 Alameda Avenue, El Paso,TX,79905
73,300 Corporate Boulevard South, Yonkers,NY,10701
74,407 East Third Street, Duluth,MN,55805
75,30 Warren Street, Brighton,MA,2135
76,200 East University Avenue, St. Paul,MN,55101
77,601 Elmwood Avenue, Rochester,NY,14642
78,9981 S Healthpark Dr, Fort Myers,FL,33908
79,100 Madison Avenue, Morristown,NJ,7962
80,1900 South Avenue 5th FL, La Crosse,WI,54601
81,593 Eddy Street, Providence,RI,2903
82,424 East 34th Street, New York,NY,10016
83,100 Michigan Avenue NE MC250, Grand Rapids,MI,49503
84,701 Park Avenue South, Minneapolis,MN,55415
85,1611 NW 12th Avenue, Miami,FL,33136
86,1340 Hal Greer Boulevard, Huntington,WV,25701
87,800 East Carpenter Street, Springfield,IL,62769
88,835 South Van Buren Street, Green Bay,WI,54301
89,3300 Gallows Road, Falls Church,VA,22042
90,2100 Stantonsburg Road, Greenville,NC,27835
91,100 North Academy Avenue, Danville,PA,17822
92,1005 Joe DiMaggio Drive, Hollywood,FL,33021
93,818 Ellicott Street, Buffalo,NY,14203
94,501 Sixth Avenue South, St. Petersburg,FL,33701
95,1800 Orleans Street, Baltimore,MD,21287
96,30 Prospect Avenue, Hackensack,NJ,7601
97,1945 Corlies Avenue, Neptune,NJ,7754
98,1600 Eureka Road, Roseville,CA,95661
99,700 Lawrence Expressway, Santa Clara,CA,95051
100,275 West MacArthur Boulevard, Oakland,CA,94611
101,9333 Imperial Highway, Downey,CA,90242
102,9961 Sierra Avenue, Fontana,CA,92335
103,4867 Sunset Boulevard, Los Angeles,CA,90027
104,1319 Punahou Street, Honolulu,HI,96826
105,707 North Broadway, Baltimore,MD,21205
106,N-100 - 800 Rose Street, Lexington,KY,40536
107,6501 South Promontory Drive, Chicago,IL,60649
108,848 Adams Avenue, Memphis,TN,38103
109,1200 South Cedar Boulevard, Allentown,PA,18103
110,1000 Blythe Boulevard, Charlotte,NC,28232
111,11234 Anderson Street, Loma Linda,CA,92354
112,725 Welch Road, Palo Alto,CA,94304
113,4802 Tenth Avenue, Brooklyn,NY,11219
114,Valhalla Campus, Valhalla,NY,10595
115,611 Saint Joseph Avenue, Marshfield,WI,54449
116,317 Martin Luther King  Jr. Way, Tacoma,WA,98415
117,200 First Street SW, Rochester,MN,55905
118,94 Old Short Hills Road, Livingston,NJ,7039
119,7777 Forest Lane, Dallas,TX,75230
120,1235 East Cherokee St, Springfield,MO,65804
121,615 South New Ballas Road, St. Louis,MO,63141
122,1111 6th Avenue, Des Moines,IA,50314
123,2801 Atlantic Avenue, Long Beach,CA,90806
124,2200 Children's Way, Nashville,TN,37232
125,1708 West Rogers Avenue, Baltimore,MD,21209
126,10 McClennan Banks Drive, Charleston,SC,29425
127,700 Children's Drive, Columbus,OH,43205
128,1600 Rockland Road, Wilmington,DE,19899
129,6535 Nemours Parkway, Orlando,FL,32827
130,525 East 68th Street, New York,NY,10065
131,3959 Broadway, New York,NY,10032
132,3100 SW 62nd Avenue, Miami,FL,33155
133,400 North State of Franklin Road, Johnson City,TN,37604
134,101 Manning Drive, Chapel Hill,NC,27514
135,231 East Chestnut Street, Louisville,KY,40202
136,200 Hawthorne Lane, Charlotte,NC,28233
137,1315 Jefferson Highway, New Orleans,LA,70121
138,1200 North Children's Avenue, Oklahoma City,OK,73104
139,530 NE Glen Oak Avenue, Peoria,IL,61637
140,5000 Hennessy Boulevard, Baton Rouge,LA,70808
141,500 University Drive, Hershey,PA,17033
142,2001 West 86th Street, Indianapolis,IN,46260
143,1919 East Thomas Road, Phoenix,AZ,85016
144,100 North Mario Capecchi Drive, Salt Lake City,UT,84113
145,2142 North Cove Boulevard, Toledo,OH,43606
146,9205 SW Barnes Road, Portland,OR,97225
147,3020 Children's Way, San Diego,CA,92123
148,2801 North Gantenbein Avenue, Portland,OR,97227
149,11365 Dorsett Road, Maryland Heights,MO,63043
150,1155 Mill Street, Reno,NV,89502
151,705 Riley Hospital Drive, Indianapolis,IN,46202
152,101 West Eighth Avenue, Spokane,WA,99204
153,1600 West 22nd Street, Sioux Falls,SD,57117
154,801 Broadway North, Fargo,ND,58122
155,4800 Sand Point Way NE, Seattle,WA,98105
156,2900 Rocky Point Drive, Tampa,FL,33607
157,51 Blossom Street, Boston,MA,2114
158,2211 N. Oak Park Avenue, Chicago,IL,60707
159,950 West Faris Road, Greenville,SC,29605
160,1310 Punahou Street, Honolulu,HI,96826
161,2425 Stockton Boulevard, Sacramento,CA,95817
162,3229 Burnet Avenue, Cincinnati,OH,45229
163,3551 North Broad Street, Philadelphia,PA,19140
164,3101 SW Sam Jackson Park Road, Portland,OR,97239
165,3100 Samford Avenue, Shreveport,LA,71103
166,911 West Fifth Avenue, Spokane,WA,99210
167,516 Carew Street, Springfield,MA,1104
168,4400 Clayton Ave., St. Louis,MO,63110
169,815 Market Street, Galveston,TX,77550
170,1465 South Grand Boulevard, St. Louis,MO,63104
171,160 East Erie Avenue, Philadelphia,PA,19134
172,703 Main Street, Paterson,NJ,7503
173,3001 West Martin Luther King Boulevard, Tampa,FL,33607
174,262 Danny Thomas Place, Memphis,TN,38105
175,One Children's Place, St. Louis,MO,63110
176,190 East Bannock Street, Boise,ID,83712
177,801 Ostrum Street, Bethlehem,PA,18015
178,100 Nicolls Road, Stony Brook,NY,11794
179,2825 Capitol Avenue, Sacramento,CA,95816
180,6651 Main Street, Houston,TX,77030
181,2222 Welborn Street, Dallas,TX,75219
182,22 Bramhall Street, Portland,ME,4102
183,One Robert Wood Johnson Place, New Brunswick,NJ,8903
184,3415 Bainbridge Avenue, Bronx,NY,10467
185,3200 Providence Dr, Anchorage,AK,99519
186,6161 South Yale Avenue, Tulsa,OK,74136
187,254 Easton Avenue, New Brunswick,NJ,8903
188,One Cooper Plaza, Camden,NJ,8103
189,1731 Bunker Hill Road NE, Washington,DC,20017
190,One Gustave L. Levy Place, New York,NY,10029
191,1600 South Andrews Avenue, Fort Lauderdale,FL,33316
192,1 Bubba Watson Drive, Pensacola,FL,32504
193,111 Colchester Avenue, Burlington,VT,5401
194,300 Second Avenue, Long Branch,NJ,7740
195,800 Washington Street, Boston,MA,2111
196,757 Westwood Plaza, Los Angeles,CA,90095
197,747 - 52nd Street, Oakland,CA,94609
198,1975 4th Street, San Francisco,CA,94158
199,1600 SW Archer Road, Gainesville,FL,32610
200,11100 Euclid Avenue, Cleveland,OH,44106
201,55 Lake Avenue North, Worcester,MA,1655
202,4502 Medical Drive, San Antonio,TX,78229
203,2315 Stockton Boulevard, Sacramento,CA,95817
204,200 Hawkins Drive 1337DJCP, Iowa City,IA,52242
205,22 South Greene Street, Baltimore,MD,21201
206,2450 Riverside Avenue, Minneapolis,MN,55454
207,2211 Lomas Boulevard NE, Albuquerque,NM,87106
208,One Children's Hospital Drive, Pittsburgh,PA,15224
209,One Children's Circle, Syracuse,NY,13210
210,1700 Center Street, Mobile,AL,36604
211,1204 W Main St, Charlottesville,VA,22903
212,9300 Valley Children's Place, Madera,CA,93636
213,1304 Laurel Oak Road, Voorhees,NJ,8043
214,Medical Center Boulevard, Winston-Salem,NC,27157
215,2510 W. Bert Kouns Industrial Loop, Shreveport,LA,71118
216,800 Prudential Drive, Jacksonville,FL,32207
217,Department 8200 Medical Center Drive, Morgantown,WV,26506
218,20 York Street, New Haven,CT,6510